id,first_name,last_name,email
1,Rebe,Strelitzer,rstrelitzer0@studiopress.com
2,Thor,Trayling,ttrayling1@utexas.edu
3,Doretta,Ineson,dineson2@sbwire.com
4,Othella,Scouller,oscouller3@cocolog-nifty.com
5,Gennie,Valti,gvalti4@thetimes.co.uk
6,Jemimah,Methuen,jmethuen5@unc.edu
7,Samara,Marcome,smarcome6@slideshare.net
8,Marcile,Hazlewood,mhazlewood7@twitter.com
9,Lock,Winsor,lwinsor8@slate.com
10,Shellie,Mabbott,smabbott9@theatlantic.com
11,Fabio,Fillon,ffillona@yellowpages.com
12,Otha,Coatham,ocoathamb@seesaa.net
13,Hilde,Thurstance,hthurstancec@china.com.cn
14,Barris,Redmond,bredmondd@slate.com
15,Nefen,Rapsey,nrapseye@nymag.com
16,Shina,Taynton,stayntonf@sciencedirect.com
17,Clo,Hanse,chanseg@1und1.de
18,Hoebart,Collyer,hcollyerh@mapy.cz
19,Aprilette,Beaty,abeatyi@apache.org
20,Em,Acey,eaceyj@behance.net
21,Marilee,Melsome,mmelsomek@google.com.au
22,Cathryn,Hindge,chindgel@squarespace.com
23,Noland,Ziehm,nziehmm@opera.com
24,Antoni,Jorgensen,ajorgensenn@dedecms.com
25,Waiter,Forder,wfordero@360.cn
26,Walliw,Habishaw,whabishawp@clickbank.net
27,Darn,Achrameev,dachrameevq@boston.com
28,Yanaton,Sallarie,ysallarier@amazon.de
29,Nissie,Dressel,ndressels@noaa.gov
30,Kata,England,kenglandt@nsw.gov.au
31,Carol,Szach,cszachu@amazon.de
32,Trula,Vouls,tvoulsv@newsvine.com
33,Rora,Wagnerin,rwagnerinw@instagram.com
34,Melicent,Badsworth,mbadsworthx@facebook.com
35,Jesse,Flieger,jfliegery@icq.com
36,Ashil,O'Sherrin,aosherrinz@newyorker.com
37,Terrel,Mustchin,tmustchin10@fc2.com
38,Celie,Ogborn,cogborn11@multiply.com
39,Dani,Stembridge,dstembridge12@linkedin.com
40,Shena,McLagain,smclagain13@businesswire.com
41,Lancelot,Chastagnier,lchastagnier14@google.com.br
42,Reyna,Hurndall,rhurndall15@alibaba.com
43,Charla,Keemer,ckeemer16@craigslist.org
44,Barrie,Posten,bposten17@i2i.jp
45,Linette,Budik,lbudik18@kickstarter.com
46,Sherm,Kaminski,skaminski19@whitehouse.gov
47,Aida,Bridgett,abridgett1a@altervista.org
48,Gwynne,Courage,gcourage1b@paypal.com
49,Marleah,Quiddihy,mquiddihy1c@themeforest.net
50,Felizio,Mathwen,fmathwen1d@earthlink.net
51,Uri,Lebbern,ulebbern1e@taobao.com
52,Jamill,Mallabone,jmallabone1f@home.pl
53,Kath,Nutty,knutty1g@google.com.br
54,Piotr,Scotter,pscotter1h@ocn.ne.jp
55,Richy,Littleover,rlittleover1i@bloglines.com
56,Freddy,Yellop,fyellop1j@booking.com
57,Arny,MacMeekan,amacmeekan1k@parallels.com
58,Dixie,Gilffilland,dgilffilland1l@vinaora.com
59,Micky,Simnell,msimnell1m@prlog.org
60,Graehme,Rathjen,grathjen1n@t-online.de
61,Dorene,Darnell,ddarnell1o@lycos.com
62,Jud,Hatje,jhatje1p@creativecommons.org
63,Berkeley,Pecha,bpecha1q@nyu.edu
64,Augustin,Penner,apenner1r@yale.edu
65,Rouvin,Roubert,rroubert1s@cam.ac.uk
66,Georgeta,Smallpeace,gsmallpeace1t@comsenz.com
67,Merrilee,Lowne,mlowne1u@fema.gov
68,Virgil,Style,vstyle1v@cargocollective.com
69,Kimble,Klaus,kklaus1w@chron.com
70,Odey,MacAnulty,omacanulty1x@pbs.org
71,Jemie,McArdle,jmcardle1y@ihg.com
72,Worthy,Bolletti,wbolletti1z@wix.com
73,Datha,Jobes,djobes20@prlog.org
74,Layne,Wayman,lwayman21@cafepress.com
75,Maddy,Waldron,mwaldron22@mediafire.com
76,Kathye,Daldry,kdaldry23@twitter.com
77,Bond,Ruhben,bruhben24@who.int
78,Maggee,Wyre,mwyre25@simplemachines.org
79,Noreen,Slimon,nslimon26@histats.com
80,Kelcie,Guerrieri,kguerrieri27@hostgator.com
81,Dicky,Kemshell,dkemshell28@domainmarket.com
82,Lotty,Gracey,lgracey29@apache.org
83,Phoebe,Law,plaw2a@etsy.com
84,Terry,Stein,tstein2b@163.com
85,Ugo,Lippiett,ulippiett2c@macromedia.com
86,Tarrance,MacGray,tmacgray2d@github.com
87,Victor,Van Oort,vvanoort2e@delicious.com
88,Susanna,Messent,smessent2f@fema.gov
89,Clemmy,Eastwell,ceastwell2g@google.com.au
90,Winnie,Alven,walven2h@amazonaws.com
91,Mikey,Loffhead,mloffhead2i@google.ru
92,Arda,Greeson,agreeson2j@fema.gov
93,Benoit,Moseley,bmoseley2k@usgs.gov
94,Darcee,Crimes,dcrimes2l@geocities.com
95,Joly,Oiseau,joiseau2m@artisteer.com
96,Mata,Godart,mgodart2n@kickstarter.com
97,Desiree,Sturrock,dsturrock2o@simplemachines.org
98,Jerrylee,MacCathay,jmaccathay2p@ftc.gov
99,Paul,Telford,ptelford2q@posterous.com
100,Tracy,Pietasch,tpietasch2r@tripadvisor.com
